{
    "counter": {
        "ACTIVE": 18227,
        "INACTIVE": 2773,
        "INVALID": 0,
        "MALICIOUS": 0,
        "SANE": 0,
        "VALID": 0,
        "total": 21000
    },
    "percentage": {
        "ACTIVE": 86.79523809523809,
        "INACTIVE": 13.205390732892042,
        "INVALID": 0,
        "MALICIOUS": 0,
        "SANE": 0,
        "VALID": 0,
        "total": 100.00062882813013
    }
}