{
    "counter": {
        "ACTIVE": 19247,
        "INACTIVE": 1753,
        "INVALID": 0,
        "MALICIOUS": 0,
        "SANE": 0,
        "VALID": 0,
        "total": 21000
    },
    "percentage": {
        "ACTIVE": 91.65238095238095,
        "INACTIVE": 8.36315061304327,
        "INVALID": 0,
        "MALICIOUS": 0,
        "SANE": 0,
        "VALID": 0,
        "total": 100.01553156542423
    }
}