{
    "counter": {
        "ACTIVE": 13073,
        "INACTIVE": 7926,
        "INVALID": 1,
        "MALICIOUS": 0,
        "SANE": 0,
        "VALID": 0,
        "total": 21000
    },
    "percentage": {
        "ACTIVE": 62.380111657202846,
        "INACTIVE": 37.74285714285714,
        "INVALID": 0.010298661174047374,
        "MALICIOUS": 0,
        "SANE": 0,
        "VALID": 0,
        "total": 100.13326746123404
    }
}