{
    "counter": {
        "ACTIVE": 18449,
        "INACTIVE": 2551,
        "INVALID": 0,
        "MALICIOUS": 0,
        "SANE": 0,
        "VALID": 0,
        "total": 21000
    },
    "percentage": {
        "ACTIVE": 87.85238095238095,
        "INACTIVE": 12.148197533215868,
        "INVALID": 0,
        "MALICIOUS": 0,
        "SANE": 0,
        "VALID": 0,
        "total": 100.00057848559682
    }
}