{
    "counter": {
        "ACTIVE": 16520,
        "INACTIVE": 4480,
        "INVALID": 0,
        "MALICIOUS": 0,
        "SANE": 0,
        "VALID": 0,
        "total": 21000
    },
    "percentage": {
        "ACTIVE": 78.66666666666667,
        "INACTIVE": 21.33536527288313,
        "INVALID": 0,
        "MALICIOUS": 0,
        "SANE": 0,
        "VALID": 0,
        "total": 100.0020319395498
    }
}