{
    "counter": {
        "ACTIVE": 16190,
        "INACTIVE": 4810,
        "INVALID": 0,
        "MALICIOUS": 0,
        "SANE": 0,
        "VALID": 0,
        "total": 21000
    },
    "percentage": {
        "ACTIVE": 77.0952380952381,
        "INACTIVE": 22.904761904761905,
        "INVALID": 0.0,
        "MALICIOUS": 0.0,
        "SANE": 0.0,
        "VALID": 0.0,
        "total": 100.0
    }
}