{
    "counter": {
        "ACTIVE": 18152,
        "INACTIVE": 2848,
        "INVALID": 0,
        "MALICIOUS": 0,
        "SANE": 0,
        "VALID": 0,
        "total": 21000
    },
    "percentage": {
        "ACTIVE": 86.43809523809524,
        "INACTIVE": 13.562550597647506,
        "INVALID": 0,
        "MALICIOUS": 0,
        "SANE": 0,
        "VALID": 0,
        "total": 100.00064583574274
    }
}