{
    "counter": {
        "ACTIVE": 18881,
        "INACTIVE": 2119,
        "INVALID": 0,
        "MALICIOUS": 0,
        "SANE": 0,
        "VALID": 0,
        "total": 21000
    },
    "percentage": {
        "ACTIVE": 89.9095238095238,
        "INACTIVE": 10.090956712224392,
        "INVALID": 0,
        "MALICIOUS": 0,
        "SANE": 0,
        "VALID": 0,
        "total": 100.0004805217482
    }
}