{
    "counter": {
        "ACTIVE": 18391,
        "INACTIVE": 2609,
        "INVALID": 0,
        "MALICIOUS": 0,
        "SANE": 0,
        "VALID": 0,
        "total": 21000
    },
    "percentage": {
        "ACTIVE": 87.57619047619048,
        "INACTIVE": 12.424401161960093,
        "INVALID": 0,
        "MALICIOUS": 0,
        "SANE": 0,
        "VALID": 0,
        "total": 100.00059163815057
    }
}