{
    "counter": {
        "ACTIVE": 16582,
        "INACTIVE": 4418,
        "INVALID": 0,
        "MALICIOUS": 0,
        "SANE": 0,
        "VALID": 0,
        "total": 21000
    },
    "percentage": {
        "ACTIVE": 78.96190476190476,
        "INACTIVE": 21.038095238095238,
        "INVALID": 0.0,
        "MALICIOUS": 0.0,
        "SANE": 0.0,
        "VALID": 0.0,
        "total": 100.0
    }
}