{
    "counter": {
        "ACTIVE": 15923,
        "INACTIVE": 5077,
        "INVALID": 0,
        "MALICIOUS": 0,
        "SANE": 0,
        "VALID": 0,
        "total": 21000
    },
    "percentage": {
        "ACTIVE": 75.82380952380953,
        "INACTIVE": 24.176190476190477,
        "INVALID": 0.0,
        "MALICIOUS": 0.0,
        "SANE": 0.0,
        "VALID": 0.0,
        "total": 100.0
    }
}