{
    "counter": {
        "ACTIVE": 18682,
        "INACTIVE": 2318,
        "INVALID": 0,
        "MALICIOUS": 0,
        "SANE": 0,
        "VALID": 0,
        "total": 21000
    },
    "percentage": {
        "ACTIVE": 88.96190476190476,
        "INACTIVE": 11.038620886708891,
        "INVALID": 0,
        "MALICIOUS": 0,
        "SANE": 0,
        "VALID": 0,
        "total": 100.00052564861366
    }
}