{
    "counter": {
        "ACTIVE": 17366,
        "INACTIVE": 3633,
        "INVALID": 1,
        "MALICIOUS": 0,
        "SANE": 0,
        "VALID": 0,
        "total": 21000
    },
    "percentage": {
        "ACTIVE": 82.6952380952381,
        "INACTIVE": 17.30824202000953,
        "INVALID": 0.022143489813994686,
        "MALICIOUS": 0,
        "SANE": 0,
        "VALID": 0,
        "total": 100.02562360506163
    }
}